freq_ghz,theta_deg,rcs_db
1.0,-90.0,-14.980634238387076
1.0,-89.0,-14.488323741508847
1.0,-88.0,-13.389950084146673
1.0,-87.0,-11.828259528403617
1.0,-86.0,-10.005629342521942
1.0,-85.0,-8.157330743429927
1.0,-84.0,-6.520447201743396
1.0,-83.0,-5.30255520198452
1.0,-82.0,-4.654305937343705
1.0,-81.0,-4.649530950773149
1.0,-80.0,-5.275500525882675
1.0,-79.0,-6.434622055606245
1.0,-78.0,-7.957353948237396
1.0,-77.0,-9.62462861939345
1.0,-76.0,-11.196821596076404
1.0,-75.0,-12.445438760741542
1.0,-74.0,-13.18333458908846
1.0,-73.0,-13.289468346035754
1.0,-72.0,-12.724926950455883
1.0,-71.0,-11.538097229990967
1.0,-70.0,-9.858304072936713
1.0,-69.0,-7.878755085908371
1.0,-68.0,-5.831045390665083
1.0,-67.0,-3.954591425542273
1.0,-66.0,-2.465032690888819
1.0,-65.0,-1.5257767508902171
1.0,-64.0,-1.2264474560115755
1.0,-63.0,-1.5710841646600953
1.0,-62.0,-2.4776512547585487
1.0,-61.0,-3.788922685116167
1.0,-60.0,-5.293303278442504
1.0,-59.0,-6.752835368976848
1.0,-58.0,-7.934689990195789
1.0,-57.0,-8.641981333508426
1.0,-56.0,-8.739832629894316
1.0,-55.0,-8.173249077081877
1.0,-54.0,-6.974436041829163
1.0,-53.0,-5.258595455657897
1.0,-52.0,-3.2087558003636696
1.0,-51.0,-1.0516401682143475
1.0,-50.0,0.9722389000176306
1.0,-49.0,2.640306229462282
1.0,-48.0,3.7772801976917627
1.0,-47.0,4.278279265740464
1.0,-46.0,4.122625648979043
1.0,-45.0,3.3765221932642615
1.0,-44.0,2.1842488044650796
1.0,-43.0,0.7490417932345681
1.0,-42.0,-0.693817214775436
1.0,-41.0,-1.9081467335960212
1.0,-40.0,-2.688129642616061
1.0,-39.0,-2.8855648952432293
1.0,-38.0,-2.429505632381849
1.0,-37.0,-1.3356886749906103
1.0,-36.0,0.29549067365253245
1.0,-35.0,2.29219097466797
1.0,-34.0,4.433778349815419
1.0,-33.0,6.479928157592938
1.0,-32.0,8.202329249822323
1.0,-31.0,9.414801506413689
1.0,-30.0,9.997847012792718
1.0,-29.0,9.914390775854688
1.0,-28.0,9.214631077970928
1.0,-27.0,8.029358607925193
1.0,-26.0,6.552627229621639
1.0,-25.0,5.016066311037584
1.0,-24.0,3.6582290096169006
1.0,-23.0,2.693026852170301
1.0,-22.0,2.281421681931347
1.0,-21.0,2.5101156189776965
1.0,-20.0,3.3800549688448065
1.0,-19.0,4.806267208182561
1.0,-18.0,6.629052634252294
1.0,-17.0,8.635051870496866
1.0,-16.0,10.585405433831145
1.0,-15.0,12.247284430190156
1.0,-14.0,13.424625985772577
1.0,-13.0,13.984012104805572
1.0,-12.0,13.872272384933165
1.0,-11.0,13.1234846196412
1.0,-10.0,11.854448266600524
1.0,-9.0,10.249228941515522
1.0,-8.0,8.534816237585174
1.0,-7.0,6.951111443878923
1.0,-6.0,5.71921097463281
1.0,-5.0,5.01217652210616
1.0,-4.0,4.93215435044393
1.0,-3.0,5.496867177175334
1.0,-2.0,6.637263603230007
1.0,-1.0,8.206635703818243
1.0,0.0,10.0
1.0,1.0,11.78118083656367
1.0,2.0,13.314017401966485
1.0,3.0,14.393570730190126
1.0,4.0,14.873207024387476
1.0,5.0,14.683978538138007
1.0,6.0,13.843741040043296
1.0,7.0,12.454803081641003
1.0,8.0,10.690417681181211
1.0,9.0,8.77190138438755
1.0,10.0,6.939404149117639
1.0,11.0,5.420192471694551
1.0,12.0,4.398636767918863
1.0,13.0,3.9918688211777678
1.0,14.0,4.234325871405959
1.0,15.0,5.073223645498622
1.0,16.0,6.375556489297378
1.0,17.0,7.945699580603964
1.0,18.0,9.551287253246652
1.0,19.0,10.953947863951882
1.0,20.0,11.940833893534755
1.0,21.0,12.352780890570191
1.0,22.0,12.105374324841678
1.0,23.0,11.20014055700965
1.0,24.0,9.724383117560262
1.0,25.0,7.839685882693203
1.0,26.0,5.760602276891528
1.0,27.0,3.726346437924275
1.0,28.0,1.96922699144401
1.0,29.0,0.6839945088094055
1.0,30.0,0.002152987207284518
1.0,31.0,-0.025370250695869068
1.0,32.0,0.5650936859592224
1.0,33.0,1.6548047039230687
1.0,34.0,3.058353518502824
1.0,35.0,4.548211891845402
1.0,36.0,5.884849213846417
1.0,37.0,6.848435791330591
1.0,38.0,7.267943544375202
1.0,39.0,7.043798711598418
1.0,40.0,6.161093195954666
1.0,41.0,4.691608752797331
1.0,42.0,2.784386480128507
1.0,43.0,0.646087681647934
1.0,44.0,-1.4862588704150586
1.0,45.0,-3.376522193264258
1.0,46.0,-4.820615583029064
1.0,47.0,-5.673408740622973
1.0,48.0,-5.867849463044831
1.0,49.0,-5.423768248663591
1.0,50.0,-4.445202453356236
1.0,51.0,-3.1065936481408363
1.0,52.0,-1.629682111629685
1.0,53.0,-0.2541516606820835
1.0,54.0,0.7940961543302141
1.0,55.0,1.3328462105684986
1.0,56.0,1.247700761576076
1.0,57.0,0.5072484719924226
1.0,58.0,-0.8327329455857608
1.0,59.0,-2.636595886740968
1.0,60.0,-4.706696721557493
1.0,61.0,-6.8094625995479285
1.0,62.0,-8.706206814656385
1.0,63.0,-10.184620881189367
1.0,64.0,-11.086782050501588
1.0,65.0,-11.32997544284057
1.0,66.0,-10.917579436288346
1.0,67.0,-9.938575983637673
1.0,68.0,-8.555750616107943
1.0,69.0,-6.984141423639509
1.0,70.0,-5.462584789442845
1.0,71.0,-4.2221178421434695
1.0,72.0,-3.455412937043066
1.0,73.0,-3.2912831050650793
1.0,74.0,-3.7776273340400595
1.0,75.0,-4.875069314947233
1.0,76.0,-6.4621302611021365
1.0,77.0,-8.35125230658989
1.0,78.0,-10.313555204614621
1.0,79.0,-12.1090550357295
1.0,80.0,-13.518351889835492
1.0,81.0,-14.371599375129922
1.0,82.0,-14.570927981422674
1.0,83.0,-14.10335932353541
1.0,84.0,-13.042504812932718
1.0,85.0,-11.538824316814235
1.0,86.0,-9.799732032309464
1.0,87.0,-8.06217837896185
1.0,88.0,-6.561330921049813
1.0,89.0,-5.499492798873068
1.0,90.0,-5.019365761612925
6.444444444444445,-90.0,-5.004790943826966
6.444444444444445,-89.0,-13.679147152318436
6.444444444444445,-88.0,-9.761670574173179
6.444444444444445,-87.0,-6.56243201297305
6.444444444444445,-86.0,-14.898306080939113
6.444444444444445,-85.0,-6.169420790458004
6.444444444444445,-84.0,-9.985725572462007
6.444444444444445,-83.0,-13.092902042008939
6.444444444444445,-82.0,-4.616594142149898
6.444444444444445,-81.0,-13.182625832608592
6.444444444444445,-80.0,-9.202397779333246
6.444444444444445,-79.0,-5.874748762348226
6.444444444444445,-78.0,-14.131855902224036
6.444444444444445,-77.0,-5.322489765912456
6.444444444444445,-76.0,-9.014282484024324
6.444444444444445,-75.0,-12.064475963715019
6.444444444444445,-74.0,-3.4837200437796936
6.444444444444445,-73.0,-11.949202572506781
6.444444444444445,-72.0,-7.9150859610901785
6.444444444444445,-71.0,-4.468766356168078
6.444444444444445,-70.0,-12.657546023021249
6.444444444444445,-69.0,-3.77925911040736
6.444444444444445,-68.0,-7.358758750394843
6.444444444444445,-67.0,-10.36503122304157
6.444444444444445,-66.0,-1.6938827169396378
6.444444444444445,-65.0,-10.073413711305768
6.444444444444445,-64.0,-6.0009778679615735
6.444444444444445,-63.0,-2.452311608301825
6.444444444444445,-62.0,-10.58965521572627
6.444444444444445,-61.0,-1.6603203599711458
6.444444444444445,-60.0,-5.14591243433412
6.444444444444445,-59.0,-8.127336969416298
6.444444444444445,-58.0,0.6142986259037366
6.444444444444445,-57.0,-7.699559604121092
6.444444444444445,-56.0,-3.609878503216426
6.444444444444445,-55.0,0.0194873391913708
6.444444444444445,-54.0,-8.088445027650632
6.444444444444445,-53.0,0.869126754564765
6.444444444444445,-52.0,-2.5456808679368037
6.444444444444445,-51.0,-5.5258600887150795
6.444444444444445,-50.0,3.2620393736661786
6.444444444444445,-49.0,-5.010524735415652
6.444444444444445,-48.0,-0.9285487185288351
6.444444444444445,-47.0,2.7562198016760933
6.444444444444445,-46.0,-5.3477432591908745
6.444444444444445,-45.0,3.6120734379953263
6.444444444444445,-44.0,0.2419854926365772
6.444444444444445,-43.0,-2.76324808408752
6.444444444444445,-42.0,6.044241141208874
6.444444444444445,-41.0,-2.213608465118365
6.444444444444445,-40.0,1.8337644061561864
6.444444444444445,-39.0,5.546944909339989
6.444444444444445,-38.0,-2.579926842649914
6.444444444444445,-37.0,6.354965419651081
6.444444444444445,-36.0,3.002614527480124
6.444444444444445,-35.0,-0.054628618201777446
6.444444444444445,-34.0,8.745382095951078
6.444444444444445,-33.0,0.47553580692962916
6.444444444444445,-32.0,4.461539339454231
6.444444444444445,-31.0,8.176534573765842
6.444444444444445,-30.0,0.0005324026765674006
6.444444444444445,-29.0,8.884248429691189
6.444444444444445,-28.0,5.523829002509384
6.444444444444445,-27.0,2.389057864877173
6.444444444444445,-26.0,11.156214857924272
6.444444444444445,-25.0,2.8496087191421706
6.444444444444445,-24.0,6.749677998591772
6.444444444444445,-23.0,10.442340866059997
6.444444444444445,-22.0,2.1936843200634772
6.444444444444445,-21.0,11.002913675395707
6.444444444444445,-20.0,7.611800814379928
6.444444444444445,-19.0,4.377401106253228
6.444444444444445,-18.0,13.089978276608937
6.444444444444445,-17.0,4.725725783743143
6.444444444444445,-16.0,8.519396076014033
6.444444444444445,-15.0,12.169896474613628
6.444444444444445,-14.0,3.8295918756706406
6.444444444444445,-13.0,12.545761430075101
6.444444444444445,-12.0,9.106268111670543
6.444444444444445,-11.0,5.755273389592059
6.444444444444445,-10.0,14.396867051072928
6.444444444444445,-9.0,5.95958664064651
6.444444444444445,-8.0,9.632074663943257
6.444444444444445,-7.0,13.226431824283946
6.444444444444445,-6.0,4.781497303807946
6.444444444444445,-5.0,13.39220016349989
6.444444444444445,-4.0,9.892951816718721
6.444444444444445,-3.0,6.4148483267282685
6.444444444444445,-2.0,14.97563813632232
6.444444444444445,-1.0,6.456654943932499
6.444444444444445,0.0,10.0
6.444444444444445,1.0,13.531161596449415
6.444444444444445,2.0,4.975642868874171
6.444444444444445,3.0,13.475589580637191
6.444444444444445,4.0,9.912409558112685
6.444444444444445,5.0,6.303954896744276
6.444444444444445,6.0,14.78145471086816
6.444444444444445,7.0,6.17948270123598
6.444444444444445,8.0,9.593159254823128
6.444444444444445,9.0,13.061543685256563
6.444444444444445,10.0,4.396985364645237
6.444444444444445,11.0,12.788403701743693
6.444444444444445,12.0,9.164641041181484
6.444444444444445,13.0,5.430119495908238
6.444444444444445,14.0,13.829359981507896
6.444444444444445,15.0,5.15061160107515
6.444444444444445,16.0,8.44156584711449
6.444444444444445,17.0,11.855025667357687
6.444444444444445,18.0,3.0903616108900085
6.444444444444445,19.0,11.382813965881216
6.444444444444445,20.0,7.709088047999634
6.444444444444445,21.0,3.859982834152181
6.444444444444445,22.0,12.193111686709548
6.444444444444445,23.0,3.450826543119955
6.444444444444445,24.0,6.632934128585389
6.444444444444445,25.0,10.006143474588615
6.444444444444445,26.0,1.1570146485888948
6.444444444444445,27.0,9.366647180972294
6.444444444444445,28.0,5.660029066905555
6.444444444444445,29.0,1.7141368549729052
6.444444444444445,30.0,9.999467597323436
6.444444444444445,31.0,1.2128966819519786
6.444444444444445,32.0,4.305883596327315
6.444444444444445,33.0,7.659197054586377
6.444444444444445,34.0,-1.2532502276328348
6.444444444444445,35.0,6.895031484715149
6.444444444444445,36.0,3.177725360018825
6.444444444444445,37.0,-0.8422183033111006
6.444444444444445,38.0,7.4183647546432665
6.444444444444445,39.0,-1.3887110929848
6.444444444444445,40.0,1.6391991471824188
6.444444444444445,41.0,4.997070484319674
6.444444444444445,42.0,-3.953671875855803
6.444444444444445,43.0,4.158377558970022
6.444444444444445,44.0,0.4560044414134439
6.444444444444445,45.0,-3.6120734379953228
6.444444444444445,46.0,4.649753325140853
6.444444444444445,47.0,-4.151349276558602
6.444444444444445,48.0,-1.1620205468242328
6.444444444444445,49.0,2.227062716214343
6.444444444444445,50.0,-6.735002927004784
6.444444444444445,51.0,1.367626272359896
6.444444444444445,52.0,-2.292757044056551
6.444444444444445,53.0,-6.381873870904745
6.444444444444445,54.0,1.9081051401516822
6.444444444444445,55.0,-6.859890205704748
6.444444444444445,56.0,-3.882253365101815
6.444444444444445,57.0,-0.4351732573949114
6.444444444444445,58.0,-9.381721561685286
6.444444444444445,59.0,-1.2620942863015179
6.444444444444445,60.0,-4.854087565665877
6.444444444444445,61.0,-8.938064924692949
6.444444444444445,62.0,-0.5942028536886639
6.444444444444445,63.0,-9.303393437547637
6.444444444444445,64.0,-6.31225163855159
6.444444444444445,65.0,-2.7823384824250192
6.444444444444445,66.0,-11.688729410237528
6.444444444444445,67.0,-3.5281361861383775
6.444444444444445,68.0,-7.028037256378182
6.444444444444445,69.0,-11.083637399140521
6.444444444444445,70.0,-2.663342839358309
6.444444444444445,71.0,-11.291448715966357
6.444444444444445,72.0,-8.26525392640877
6.444444444444445,73.0,-4.631548878594052
6.444444444444445,74.0,-13.477241879348824
6.444444444444445,75.0,-5.256032111973757
6.444444444444445,76.0,-8.644669373154215
6.444444444444445,77.0,-12.653391160070884
6.444444444444445,78.0,-4.139053250627981
6.444444444444445,79.0,-12.66892832898752
6.444444444444445,80.0,-9.59145463638492
6.444444444444445,81.0,-5.838504493294478
6.444444444444445,82.0,-14.60863977661648
6.444444444444445,83.0,-6.31301248351099
6.444444444444445,84.0,-9.577226442214107
6.444444444444445,85.0,-13.526734269786159
6.444444444444445,86.0,-4.907055293892293
6.444444444444445,87.0,-13.328005894392417
6.444444444444445,88.0,-10.189610431023306
6.444444444444445,89.0,-6.308669388063477
6.444444444444445,90.0,-14.995209056173035
11.88888888888889,-90.0,-14.999999420071244
11.88888888888889,-89.0,-8.199845484689783
11.88888888888889,-88.0,-6.261492359654291
11.88888888888889,-87.0,-14.401307935613985
11.88888888888889,-86.0,-10.423034413176527
11.88888888888889,-85.0,-5.019037552141482
11.88888888888889,-84.0,-12.722220339664698
11.88888888888889,-83.0,-12.424289591941234
11.88888888888889,-82.0,-4.721423245215092
11.88888888888889,-81.0,-10.294878084799253
11.88888888888889,-80.0,-13.725982531755413
11.88888888888889,-79.0,-5.384778803684171
11.88888888888889,-78.0,-7.592354671609837
11.88888888888889,-77.0,-13.980979883823991
11.88888888888889,-76.0,-6.793935125894684
11.88888888888889,-75.0,-5.126139445029368
11.88888888888889,-74.0,-13.04901325118494
11.88888888888889,-73.0,-8.550104869494433
11.88888888888889,-72.0,-3.3354830478649475
11.88888888888889,-71.0,-11.028185670008412
11.88888888888889,-70.0,-10.158822171263942
11.88888888888889,-69.0,-2.492718069085665
11.88888888888889,-68.0,-8.234736135006806
11.88888888888889,-67.0,-11.138959873414134
11.88888888888889,-66.0,-2.6451833199433255
11.88888888888889,-65.0,-5.135460921255108
11.88888888888889,-64.0,-11.129044935842966
11.88888888888889,-63.0,-3.6063981659986304
11.88888888888889,-62.0,-2.2475090362651446
11.88888888888889,-61.0,-9.967679455982221
11.88888888888889,-60.0,-4.998394552678973
11.88888888888889,-59.0,-0.027379479896114667
11.88888888888889,-58.0,-7.730517649067006
11.88888888888889,-57.0,-6.335959883012526
11.88888888888889,-56.0,1.22669994666564
11.88888888888889,-55.0,-4.71571811716306
11.88888888888889,-54.0,-7.134405454286586
11.88888888888889,-53.0,1.437751490089128
11.88888888888889,-52.0,-1.3810215246838957
11.88888888888889,-51.0,-7.017344952024475
11.88888888888889,-50.0,0.7646767656453877
11.88888888888889,-49.0,1.753851909491158
11.88888888888889,-48.0,-5.800963945675497
11.88888888888889,-47.0,-0.4346290875915149
11.88888888888889,-46.0,4.2182315538565724
11.88888888888889,-45.0,-3.536385220436997
11.88888888888889,-44.0,-1.6836126492886287
11.88888888888889,-43.0,5.69077249522632
11.88888888888889,-42.0,-0.5008691099755778
11.88888888888889,-41.0,-2.493308304643027
11.88888888888889,-40.0,6.067143845497109
11.88888888888889,-39.0,2.8602585232928917
11.88888888888889,-38.0,-2.4713075454087434
11.88888888888889,-37.0,5.48039898541134
11.88888888888889,-36.0,6.028316850163728
11.88888888888889,-35.0,-1.4096700003411469
11.88888888888889,-34.0,4.26961301161397
11.88888888888889,-33.0,8.521998110417432
11.88888888888889,-32.0,0.6674144595456051
11.88888888888889,-31.0,2.9036502921332366
11.88888888888889,-30.0,9.999999935563473
11.88888888888889,-29.0,3.506628489313333
11.88888888888889,-28.0,1.8767062675460613
11.88888888888889,-27.0,10.333213083390481
11.88888888888889,-26.0,6.678565181770559
11.88888888888889,-25.0,1.598420142121455
11.88888888888889,-24.0,9.630751834485118
11.88888888888889,-23.0,9.669262723153334
11.88888888888889,-22.0,2.3025376434797016
11.88888888888889,-21.0,8.214175563604437
11.88888888888889,-20.0,11.990303850752738
11.88888888888889,-19.0,3.994057807630639
11.88888888888889,-18.0,6.545543040391081
11.88888888888889,-17.0,13.283499572250765
11.88888888888889,-16.0,6.4464066472051975
11.88888888888889,-15.0,5.125003948978984
11.88888888888889,-14.0,13.397355569311047
11.88888888888889,-13.0,9.24927287335996
11.88888888888889,-12.0,4.380271226858293
11.88888888888889,-11.0,12.418669234401003
11.88888888888889,-10.0,11.896694477914652
11.88888888888889,-9.0,4.572085793609181
11.88888888888889,-8.0,10.652384794448885
11.88888888888889,-7.0,13.896208087460483
11.88888888888889,-6.0,5.736296671721047
11.88888888888889,-5.0,8.554111533660794
11.88888888888889,-4.0,14.87527897545486
11.88888888888889,-3.0,7.675194932074434
11.88888888888889,-2.0,6.630027240325244
11.88888888888889,-1.0,14.6618199916247
11.88888888888889,0.0,10.0
11.88888888888889,1.0,5.325996548757214
11.88888888888889,2.0,13.321253764871248
11.88888888888889,3.0,12.215242975291027
11.88888888888889,4.0,4.930082399376547
11.88888888888889,5.0,11.142043526583372
11.88888888888889,6.0,13.82665534295506
11.88888888888889,7.0,5.5097064380594425
11.88888888888889,8.0,8.5728491243175
11.88888888888889,9.0,14.449044532293891
11.88888888888889,10.0,6.897157937803511
11.88888888888889,11.0,6.125007856934749
11.88888888888889,12.0,13.890637925993735
11.88888888888889,13.0,8.72660805262338
11.88888888888889,14.0,4.261596287867489
11.88888888888889,15.0,12.195504126709794
11.88888888888889,16.0,10.514555275923325
11.88888888888889,17.0,3.2972518788500667
11.88888888888889,18.0,9.634796847107864
11.88888888888889,19.0,11.766157264503804
11.88888888888889,20.0,3.3305850116268223
11.88888888888889,21.0,6.6487209459434515
11.88888888888889,22.0,12.084258363293323
11.88888888888889,23.0,4.223904686026618
11.88888888888889,24.0,3.751860292692044
11.88888888888889,25.0,11.257332051609332
11.88888888888889,26.0,5.634664324742608
11.88888888888889,27.0,1.4224919624589862
11.88888888888889,28.0,9.307151801868876
11.88888888888889,29.0,7.0917567953507605
11.88888888888889,30.0,6.443653077781164e-08
11.88888888888889,31.0,6.485780963584584
11.88888888888889,32.0,8.100008476235942
11.88888888888889,33.0,-0.3872652489014241
11.88888888888889,34.0,3.222518856704273
11.88888888888889,35.0,8.25007286685452
11.88888888888889,36.0,0.15202303733522093
11.88888888888889,37.0,0.032348130928640195
11.88888888888889,38.0,7.309745457402096
11.88888888888889,39.0,1.2979752930622974
11.88888888888889,40.0,-2.594180292158504
11.88888888888889,41.0,5.276770323844336
11.88888888888889,42.0,2.591438375328649
11.88888888888889,43.0,-4.295643020343818
11.88888888888889,44.0,2.38160258333865
11.88888888888889,45.0,3.5363852204370008
11.88888888888889,46.0,-4.9162214879065935
11.88888888888889,47.0,-0.9605003872909943
11.88888888888889,48.0,3.7103946803224295
11.88888888888889,49.0,-4.537313928692467
11.88888888888889,50.0,-4.237640318983993
11.88888888888889,51.0,2.8591111356692913
11.88888888888889,52.0,-3.4574163873094585
11.88888888888889,53.0,-6.950498606429108
11.88888888888889,54.0,0.9540655667876372
11.88888888888889,55.0,-2.124684749350317
11.88888888888889,56.0,-8.718831814983881
11.88888888888889,57.0,-1.798772978503477
11.88888888888889,58.0,-1.0369052867145436
11.88888888888889,59.0,-9.362051775821701
11.88888888888889,60.0,-5.001605447321023
11.88888888888889,61.0,-0.6307058286818732
11.88888888888889,62.0,-8.936349033149789
11.88888888888889,63.0,-8.149306879850831
11.88888888888889,64.0,-1.1841845706701966
11.88888888888889,65.0,-7.720291272475679
11.88888888888889,66.0,-10.73742880723384
11.88888888888889,67.0,-2.754207535765813
11.88888888888889,68.0,-6.152059871766219
11.88888888888889,69.0,-12.370178440462215
11.88888888888889,70.0,-5.162066691115616
11.88888888888889,71.0,-4.732029402126024
11.88888888888889,72.0,-12.844856839634001
11.88888888888889,73.0,-8.030646581606401
11.88888888888889,74.0,-3.9119486719435788
11.88888888888889,75.0,-12.194368630659406
11.88888888888889,76.0,-10.865016731283855
11.88888888888889,77.0,-3.9949010421593476
11.88888888888889,78.0,-10.67855448124218
11.88888888888889,79.0,-13.158898287651574
11.88888888888889,80.0,-5.0678698839627545
11.88888888888889,81.0,-8.726252241103817
11.88888888888889,82.0,-14.503810673551286
11.88888888888889,83.0,-6.981624933578695
11.88888888888889,84.0,-6.8407316750114155
11.88888888888889,85.0,-14.67711750810268
11.88888888888889,86.0,-9.38232696165488
11.88888888888889,87.0,-5.489129971751482
11.88888888888889,88.0,-13.689788645542194
11.88888888888889,89.0,-11.78797105569213
11.88888888888889,90.0,-5.000000579928757
17.333333333333336,-90.0,-5.005004053128137
17.333333333333336,-89.0,-4.99407285407845
17.333333333333336,-88.0,-4.984931230596054
17.333333333333336,-87.0,-4.977575947862771
17.333333333333336,-86.0,-4.971979640817987
17.333333333333336,-85.0,-4.968090948966429
17.333333333333336,-84.0,-4.965834741458062
17.333333333333336,-83.0,-4.96511243171454
17.333333333333336,-82.0,-4.965802380592439
17.333333333333336,-81.0,-4.967760386804429
17.333333333333336,-80.0,-4.970820263044313
17.333333333333336,-79.0,-4.974794495992682
17.333333333333336,-78.0,-4.979474988126167
17.333333333333336,-77.0,-4.9846338789877755
17.333333333333336,-76.0,-4.990024443335512
17.333333333333336,-75.0,-4.995382063338422
17.333333333333336,-74.0,-5.00042527176325
17.333333333333336,-73.0,-5.0048568628638215
17.333333333333336,-72.0,-5.008365067478522
17.333333333333336,-71.0,-5.010624788629477
17.333333333333336,-70.0,-5.011298893729267
17.333333333333336,-69.0,-5.01003955932002
17.333333333333336,-68.0,-5.006489664093096
17.333333333333336,-67.0,-5.000284225789704
17.333333333333336,-66.0,-4.99105187742851
17.333333333333336,-65.0,-4.978416378185777
17.333333333333336,-64.0,-4.96199815412551
17.333333333333336,-63.0,-4.9414158638848065
17.333333333333336,-62.0,-4.916287984319633
17.333333333333336,-61.0,-4.886234411052228
17.333333333333336,-60.0,-4.850878068794417
17.333333333333336,-59.0,-4.809846526284766
17.333333333333336,-58.0,-4.76277361064037
17.333333333333336,-57.0,-4.7093010159146615
17.333333333333336,-56.0,-4.64907990065875
17.333333333333336,-55.0,-4.581772469291298
17.333333333333336,-54.0,-4.507053532126224
17.333333333333336,-53.0,-4.4246120389437475
17.333333333333336,-52.0,-4.334152581063613
17.333333333333336,-51.0,-4.235396856951677
17.333333333333336,-50.0,-4.128085096486391
17.333333333333336,-49.0,-4.0119774391171195
17.333333333333336,-48.0,-3.886855261273414
17.333333333333336,-47.0,-3.7525224485130253
17.333333333333336,-46.0,-3.608806608048277
17.333333333333336,-45.0,-3.455560217460761
17.333333333333336,-44.0,-3.2926617055749112
17.333333333333336,-43.0,-3.1200164616614163
17.333333333333336,-42.0,-2.937557769334109
17.333333333333336,-41.0,-2.7452476617162977
17.333333333333336,-40.0,-2.543077694672011
17.333333333333336,-39.0,-2.331069635132029
17.333333333333336,-38.0,-2.109276061778761
17.333333333333336,-37.0,-1.8777808756091323
17.333333333333336,-36.0,-1.6366997181461524
17.333333333333336,-35.0,-1.3861802953382663
17.333333333333336,-34.0,-1.1264026054511813
17.333333333333336,-33.0,-0.8575790695374819
17.333333333333336,-32.0,-0.5799545633462309
17.333333333333336,-31.0,-0.29380634982302745
17.333333333333336,-30.0,0.0005560883625408408
17.333333333333336,-29.0,0.30279131653401326
17.333333333333336,-28.0,0.6125263159485916
17.333333333333336,-27.0,0.9293569516471267
17.333333333333336,-26.0,1.2528485396063527
17.333333333333336,-25.0,1.5825365122932853
17.333333333333336,-24.0,1.917927181431062
17.333333333333336,-23.0,2.258498596498062
17.333333333333336,-22.0,2.603701497194904
17.333333333333336,-21.0,2.952960357836722
17.333333333333336,-20.0,3.3056745213485472
17.333333333333336,-19.0,3.6612194202738566
17.333333333333336,-18.0,4.018947881943148
17.333333333333336,-17.0,4.3781915146902275
17.333333333333336,-16.0,4.7382621717599775
17.333333333333336,-15.0,5.0984534893078
17.333333333333336,-14.0,5.458042494664002
17.333333333333336,-13.0,5.816291280814881
17.333333333333336,-12.0,6.172448742843261
17.333333333333336,-11.0,6.525752371874409
17.333333333333336,-10.0,6.875430101886346
17.333333333333336,-9.0,7.220702204571362
17.333333333333336,-8.0,7.560783227274597
17.333333333333336,-7.0,7.894883968888598
17.333333333333336,-6.0,8.222213488451182
17.333333333333336,-5.0,8.541981141074308
17.333333333333336,-4.0,8.853398635727915
17.333333333333336,-3.0,9.15568210931572
17.333333333333336,-2.0,9.448054211403875
17.333333333333336,-1.0,9.729746193907825
17.333333333333336,0.0,10.0
17.333333333333336,1.0,10.258070346474089
17.333333333333336,2.0,10.503226793792617
17.333333333333336,3.0,10.73475579804974
17.333333333333336,4.0,10.951962739103491
17.333333333333336,5.0,11.154173919169859
17.333333333333336,6.0,11.340738526224925
17.333333333333336,7.0,11.511030556631328
17.333333333333336,8.0,11.664450691491787
17.333333333333336,9.0,11.800428121331711
17.333333333333336,10.0,11.918422313831817
17.333333333333336,11.0,12.017924719461343
17.333333333333336,12.0,12.098460410008766
17.333333333333336,13.0,12.15958964516846
17.333333333333336,14.0,12.200909362514533
17.333333333333336,15.0,12.222054586380978
17.333333333333336,16.0,12.222699751368545
17.333333333333336,17.0,12.202559936410603
17.333333333333336,18.0,12.161392005555797
17.333333333333336,19.0,12.098995651860587
17.333333333333336,20.0,12.015214341031015
17.333333333333336,21.0,11.909936151711165
17.333333333333336,22.0,11.78309450957812
17.333333333333336,23.0,11.634668812681891
17.333333333333336,24.0,11.4646849457461
17.333333333333336,25.0,11.273215681437502
17.333333333333336,26.0,11.060380966906814
17.333333333333336,27.0,10.826348094202341
17.333333333333336,28.0,10.571331753466346
17.333333333333336,29.0,10.295593968130081
17.333333333333336,30.0,9.999443911637464
17.333333333333336,31.0,9.683237605540848
17.333333333333336,32.0,9.347377499127777
17.333333333333336,33.0,8.99231193105349
17.333333333333336,34.0,8.618534473769424
17.333333333333336,35.0,8.22658316185164
17.333333333333336,36.0,7.8170396056451015
17.333333333333336,37.0,7.390527991949113
17.333333333333336,38.0,6.947713973772114
17.333333333333336,39.0,6.489303451487218
17.333333333333336,40.0,6.016041248010616
17.333333333333336,41.0,5.528709680917607
17.333333333333336,42.0,5.028127034687181
17.333333333333336,43.0,4.515145936543918
17.333333333333336,44.0,3.9906516396249323
17.333333333333336,45.0,3.4555602174607647
17.333333333333336,46.0,2.910816673998256
17.333333333333336,47.0,2.357392973630516
17.333333333333336,48.0,1.7962859959203463
17.333333333333336,49.0,1.2285154199158104
17.333333333333336,50.0,0.6551215431477853
17.333333333333336,51.0,0.07716304059649381
17.333333333333336,52.0,-0.5042853309297417
17.333333333333336,53.0,-1.0881350773962324
17.333333333333336,54.0,-1.6732863553727249
17.333333333333336,55.0,-2.2586303972220794
17.333333333333336,56.0,-2.8430519676594908
17.333333333333336,57.0,-3.4254318456013415
17.333333333333336,58.0,-4.004649325141179
17.333333333333336,59.0,-4.5795847294330505
17.333333333333336,60.0,-5.149121931205579
17.333333333333336,61.0,-5.712150873611868
17.333333333333336,62.0,-6.2675700850953
17.333333333333336,63.0,-6.814289181964655
17.333333333333336,64.0,-7.351231352387654
17.333333333333336,65.0,-7.87733581554501
17.333333333333336,66.0,-8.391560249748656
17.333333333333336,67.0,-8.892883183390243
17.333333333333336,68.0,-9.38030634267993
17.333333333333336,69.0,-9.85285695022786
17.333333333333336,70.0,-10.309589968650291
17.333333333333336,71.0,-10.749590283504958
17.333333333333336,72.0,-11.171974820020427
17.333333333333336,73.0,-11.575894588237013
17.333333333333336,74.0,-11.960536651365269
17.333333333333336,75.0,-12.325126012350353
17.333333333333336,76.0,-12.668927413843027
17.333333333333336,77.0,-12.991247046995564
17.333333333333336,78.0,-13.29143416472585
17.333333333333336,79.0,-13.568882595343062
17.333333333333336,80.0,-13.823032152673854
17.333333333333336,81.0,-14.05336993909864
17.333333333333336,82.0,-14.259431538173938
17.333333333333336,83.0,-14.440802093805388
17.333333333333336,84.0,-14.597117273218052
17.333333333333336,85.0,-14.728064111277734
17.333333333333336,86.0,-14.833381734013418
17.333333333333336,87.0,-14.912861959502695
17.333333333333336,88.0,-14.966349774600431
17.333333333333336,89.0,-14.993743686303464
17.333333333333336,90.0,-14.994995946871864
22.77777777777778,-90.0,-14.980208437216337
22.77777777777778,-89.0,-8.12434993739169
22.77777777777778,-88.0,-6.696249415634613
22.77777777777778,-87.0,-14.798179922879363
22.77777777777778,-86.0,-8.767125168166492
22.77777777777778,-85.0,-6.0281800901187435
22.77777777777778,-84.0,-14.392155960076309
22.77777777777778,-83.0,-9.328321522116715
22.77777777777778,-82.0,-5.3427591979249325
22.77777777777778,-81.0,-13.769673528166987
22.77777777777778,-80.0,-9.79209053125874
22.77777777777778,-79.0,-4.653232257521988
22.77777777777778,-78.0,-12.94203436073989
22.77777777777778,-77.0,-10.14353795986463
22.77777777777778,-76.0,-3.9715995689787045
22.77777777777778,-75.0,-11.924074888532829
22.77777777777778,-74.0,-10.369119596104259
22.77777777777778,-73.0,-3.308379356276479
22.77777777777778,-72.0,-10.73386694971935
22.77777777777778,-71.0,-10.4570194221882
22.77777777777778,-70.0,-2.6724202282050227
22.77777777777778,-69.0,-9.392355787860684
22.77777777777778,-68.0,-10.397500573115407
22.77777777777778,-67.0,-2.0707667263276086
22.77777777777778,-66.0,-7.9229431911976205
22.77777777777778,-65.0,-10.18321998846232
22.77777777777778,-64.0,-1.5085803221034748
22.77777777777778,-63.0,-6.351024782113356
22.77777777777778,-62.0,-9.809498380087138
22.77777777777778,-61.0,-0.9891167719164615
22.77777777777778,-60.0,-4.70349141678067
22.77777777777778,-59.0,-9.274538065681085
22.77777777777778,-58.0,-0.5137592744297206
22.77777777777778,-57.0,-3.0082053811430676
22.77777777777778,-56.0,-8.57958233328986
22.77777777777778,-55.0,-0.08210543550011451
22.77777777777778,-54.0,-1.2934625546339347
22.77777777777778,-53.0,-7.729011280099176
22.77777777777778,-52.0,0.3078953327678038
22.77777777777778,-51.0,0.4125480529239942
22.77777777777778,-50.0,-6.730370480818621
22.77777777777778,-49.0,0.6597586365848063
22.77777777777778,-48.0,2.082276007308148
22.77777777777778,-47.0,-5.594330354496732
22.77777777777778,-46.0,0.9782419649598582
22.77777777777778,-45.0,3.6893212906535116
22.77777777777778,-44.0,-4.334575678498123
22.77777777777778,-43.0,1.2690884149751558
22.77777777777778,-42.0,5.208915691519602
22.77777777777778,-41.0,-2.967626307939897
22.77777777777778,-40.0,1.5387449247873988
22.77777777777778,-39.0,6.618363915472473
22.77777777777778,-38.0,-1.5125917604665369
22.77777777777778,-37.0,1.7940632889000518
22.77777777777778,-36.0,7.897435559686156
22.77777777777778,-35.0,0.009136117814651179
22.77777777777778,-34.0,2.0419926442209246
22.77777777777778,-33.0,9.028700259774311
22.77777777777778,-32.0,1.574246715850475
22.77777777777778,-31.0,2.289272305901317
22.77777777777778,-30.0,9.997799646576496
22.77777777777778,-29.0,3.1579234050420615
22.77777777777778,-28.0,2.542133794547398
22.77777777777778,-27.0,10.79365121360501
22.77777777777778,-26.0,4.7342972185558825
22.77777777777778,-25.0,2.80602063231915
22.77777777777778,-24.0,11.40858075802928
22.77777777777778,-23.0,6.276932182991421
22.77777777777778,-22.0,3.0853340014266966
22.77777777777778,-21.0,11.838381682960911
22.77777777777778,-20.0,7.759332199077903
22.77777777777778,-19.0,3.3832116668046313
22.77777777777778,-18.0,12.082301098641011
22.77777777777778,-17.0,9.15545876843395
22.77777777777778,-16.0,3.7013466824949095
22.77777777777778,-15.0,12.142954296730741
22.77777777777778,-14.0,10.440248503119182
22.77777777777778,-13.0,4.039851350487819
22.77777777777778,-12.0,12.026170757554656
22.77777777777778,-11.0,11.590119243390294
22.77777777777778,-10.0,4.3971707075139
22.77777777777778,-9.0,11.740776348484054
22.77777777777778,-8.0,12.583453750675794
22.77777777777778,-7.0,4.770048509169076
22.77777777777778,-6.0,11.29831774852495
22.77777777777778,-5.0,13.401050335346184
22.77777777777778,-4.0,5.1535472941927
22.77777777777778,-3.0,10.712736358445586
22.77777777777778,-2.0,14.026530414599073
22.77777777777778,-1.0,5.541122679129196
22.77777777777778,0.0,10.0
22.77777777777778,1.0,14.446693861252719
22.77777777777778,2.0,5.9247505905974185
22.77777777777778,3.0,9.177701548919874
22.77777777777778,4.0,14.651814080638706
22.77777777777778,5.0,6.295104724897982
22.77777777777778,6.0,8.264634266151157
22.77777777777778,7.0,14.63586601635085
22.77777777777778,8.0,6.64178016809059
22.77777777777778,9.0,7.280353977419019
22.77777777777778,10.0,14.396681708204262
22.77777777777778,11.0,6.953557847945458
22.77777777777778,12.0,6.244738395297372
22.77777777777778,13.0,13.936029575495521
22.77777777777778,14.0,7.218703354059353
22.77777777777778,15.0,5.177553778958037
22.77777777777778,16.0,13.259615240633613
22.77777777777778,17.0,7.42529268266688
22.77777777777778,18.0,4.098038788857935
22.77777777777778,19.0,12.377003405329813
22.77777777777778,20.0,7.561556663301658
22.77777777777778,21.0,3.0245148265869775
22.77777777777778,22.0,11.301462005346329
22.77777777777778,23.0,7.6162352261885315
22.77777777777778,24.0,1.9740313691478812
22.77777777777778,25.0,10.049731561411637
22.77777777777778,26.0,7.578932287957285
22.77777777777778,27.0,0.9620538322444583
22.77777777777778,28.0,8.64172427486754
22.77777777777778,29.0,7.440461879622032
22.77777777777778,30.0,0.0022003534235075506
22.77777777777778,31.0,7.100158949816503
22.77777777777778,32.0,7.193176219931072
22.77777777777778,33.0,-0.8939673982583054
22.77777777777778,34.0,5.4501392240973185
22.77777777777778,35.0,6.831266748698721
22.77777777777778,36.0,-1.7170956721872068
22.77777777777778,37.0,3.7186838274399285
22.77777777777778,38.0,6.351029672459889
22.77777777777778,39.0,-2.4601300991172845
22.77777777777778,40.0,1.9342186285512064
22.77777777777778,41.0,5.751088327141206
22.77777777777778,42.0,-3.1183464261665303
22.77777777777778,43.0,0.12604105990734626
22.77777777777778,44.0,5.032565612548144
22.77777777777778,45.0,-3.689321290653508
22.77777777777778,46.0,-1.6762318990098792
22.77777777777778,47.0,4.199200879614223
22.77777777777778,48.0,-4.172845272661216
22.77777777777778,49.0,-3.4432206557861154
22.77777777777778,50.0,3.257406927480016
22.77777777777778,51.0,-4.570781869279178
22.77777777777778,52.0,-5.146333244761158
22.77777777777778,53.0,2.2162641637591953
22.77777777777778,54.0,-4.886877332865014
22.77777777777778,55.0,-6.758297431013263
22.77777777777778,56.0,1.0874504649716181
22.77777777777778,57.0,-5.1265274803729355
22.77777777777778,58.0,-8.25366366135183
22.77777777777778,59.0,-0.11489319003673071
22.77777777777778,60.0,-5.296508583219326
22.77777777777778,61.0,-9.609268512747633
22.77777777777778,62.0,-1.3743596893277958
22.77777777777778,63.0,-5.404680263736106
22.77777777777778,64.0,-10.804649184409689
22.77777777777778,65.0,-2.672532205268468
22.77777777777778,66.0,-5.459668935979544
22.77777777777778,67.0,-11.822400682852338
22.77777777777778,68.0,-3.9892954336576185
22.77777777777778,69.0,-5.470540721687196
22.77777777777778,70.0,-12.648468634174534
22.77777777777778,71.0,-5.303195649946237
22.77777777777778,72.0,-5.4464729377796
22.77777777777778,73.0,-13.272372094824355
22.77777777777778,74.0,-6.591842327024259
22.77777777777778,75.0,-5.396433187155946
22.77777777777778,76.0,-13.687352288199836
22.77777777777778,77.0,-7.83234296611871
22.77777777777778,78.0,-5.328874792112126
22.77777777777778,79.0,-13.890444833813756
22.77777777777778,80.0,-9.001761884459427
22.77777777777778,81.0,-5.251456797736082
22.77777777777778,82.0,-13.882474720841445
22.77777777777778,83.0,-10.077593003403214
22.77777777777778,84.0,-5.170796054599806
22.77777777777778,85.0,-13.66797497012542
22.77777777777778,86.0,-11.038236206664914
22.77777777777778,87.0,-5.092257984486104
22.77777777777778,88.0,-13.255031589561872
22.77777777777778,89.0,-11.863466602990224
22.77777777777778,90.0,-5.019791562783663
28.22222222222222,-90.0,-5.044334143599772
28.22222222222222,-89.0,-13.623827915103242
28.22222222222222,-88.0,-10.370900717779852
28.22222222222222,-87.0,-5.8187189181852315
28.22222222222222,-86.0,-14.69169888091704
28.22222222222222,-85.0,-7.957952482429299
28.22222222222222,-84.0,-7.367093556032349
28.22222222222222,-83.0,-14.62636250067025
28.22222222222222,-82.0,-5.8415387896965765
28.22222222222222,-81.0,-9.324908371517061
28.22222222222222,-80.0,-13.40125204190516
28.22222222222222,-79.0,-4.42670900868971
28.22222222222222,-78.0,-11.218248633267793
28.22222222222222,-77.0,-11.216376878502881
28.22222222222222,-76.0,-3.94701273454217
28.22222222222222,-75.0,-12.5658412017209
28.22222222222222,-74.0,-8.456206961200579
28.22222222222222,-73.0,-4.415284908431504
28.22222222222222,-72.0,-12.982867422135083
28.22222222222222,-71.0,-5.608317054455257
28.22222222222222,-70.0,-5.6218834465777965
28.22222222222222,-69.0,-12.264360172565052
28.22222222222222,-68.0,-3.1601885552011897
28.22222222222222,-67.0,-7.180745694481896
28.22222222222222,-66.0,-10.430328928013342
28.22222222222222,-65.0,-1.4962379555475032
28.22222222222222,-64.0,-8.61339581844153
28.22222222222222,-63.0,-7.722943488298383
28.22222222222222,-62.0,-0.8170902519515177
28.22222222222222,-61.0,-9.452912628961126
28.22222222222222,-60.0,-4.556362917700397
28.22222222222222,-59.0,-1.0983537236908067
28.22222222222222,-58.0,-9.34559432971434
28.22222222222222,-57.0,-1.4299268165255579
28.22222222222222,-56.0,-2.0976984312712053
28.22222222222222,-55.0,-8.128547622379209
28.22222222222222,-54.0,1.1767363395963493
28.22222222222222,-53.0,-3.4087034689702502
28.22222222222222,-52.0,-5.866578445980212
28.22222222222222,-51.0,2.904261401301863
28.22222222222222,-50.0,-4.549929350756679
28.22222222222222,-49.0,-2.840468488635238
28.22222222222222,-48.0,3.588266750401198
28.22222222222222,-47.0,-5.070133494725747
28.22222222222222,-46.0,0.5108775209422988
28.22222222222222,-45.0,3.2922783573713676
28.22222222222222,-44.0,-4.647091614403631
28.22222222222222,-43.0,3.6820593278953027
28.22222222222222,-42.0,2.2918375334988896
28.22222222222222,-41.0,-3.1588552404733354
28.22222222222222,-40.0,6.2070028707978135
28.22222222222222,-39.0,1.0132180535673598
28.22222222222222,-38.0,-0.712173004420324
28.22222222222222,-37.0,7.756358827384151
28.22222222222222,-36.0,-0.06010911290256882
28.22222222222222,-35.0,2.3780311535575374
28.22222222222222,-34.0,8.205663016435054
28.22222222222222,-33.0,-0.49322414406465853
28.22222222222222,-32.0,5.653757192959219
28.22222222222222,-31.0,7.659699617470871
28.22222222222222,-30.0,0.004932501708250214
28.22222222222222,-29.0,8.609701287772475
28.22222222222222,-28.0,6.427879037621594
28.22222222222222,-27.0,1.5171082023200926
28.22222222222222,-26.0,10.799233133384007
28.22222222222222,-25.0,4.955922969075012
28.22222222222222,-24.0,3.897958191967768
28.22222222222222,-23.0,11.927925644741766
28.22222222222222,-22.0,3.728497178910896
28.22222222222222,-21.0,6.803192556723941
28.22222222222222,-20.0,11.914646703021528
28.22222222222222,-19.0,3.163647665402328
28.22222222222222,-18.0,9.761434983820694
28.22222222222222,-17.0,10.907161977435601
28.22222222222222,-16.0,3.5216481645353275
28.22222222222222,-15.0,12.27343739234621
28.22222222222222,-14.0,9.248929520427417
28.22222222222222,-13.0,4.84778166176622
28.22222222222222,-12.0,13.917439418387215
28.22222222222222,-11.0,7.404208529841178
28.22222222222222,-10.0,6.961315746890977
28.22222222222222,-9.0,14.438144922177807
28.22222222222222,-8.0,5.85752218999521
28.22222222222222,-7.0,9.493045398367174
28.22222222222222,-6.0,13.800291008626328
28.22222222222222,-5.0,5.008999776086998
28.22222222222222,-4.0,11.96338249271252
28.22222222222222,-3.0,12.195358919269223
28.22222222222222,-2.0,5.0880025674686085
28.22222222222222,-1.0,13.884293107361763
28.22222222222222,0.0,10.0
28.22222222222222,1.0,6.103523433020151
28.22222222222222,2.0,14.863278437727883
28.22222222222222,3.0,7.6950789880962365
28.22222222222222,4.0,7.841978882118886
28.22222222222222,5.0,14.687155284157168
28.22222222222222,6.0,5.762661006049778
28.22222222222222,7.0,9.912869127152751
28.22222222222222,8.0,13.367711728771175
28.22222222222222,9.0,4.5829854037252655
28.22222222222222,10.0,11.832536668827185
28.22222222222222,11.0,11.139468561494574
28.22222222222222,12.0,4.353469734464813
28.22222222222222,13.0,13.12809926421712
28.22222222222222,14.0,8.410022336751119
28.22222222222222,15.0,5.047070683342568
28.22222222222222,16.0,13.439313758593194
28.22222222222222,17.0,5.6735894736652295
28.22222222222222,18.0,6.418904903678252
28.22222222222222,19.0,12.596567406732115
28.22222222222222,20.0,3.406242159358033
28.22222222222222,21.0,8.059703952823947
28.22222222222222,22.0,10.65829882786213
28.22222222222222,23.0,1.9652417644381863
28.22222222222222,24.0,9.484653935209394
28.22222222222222,25.0,7.899829224655774
28.22222222222222,26.0,1.513996373129161
28.22222222222222,27.0,10.238596843529375
28.22222222222222,28.0,4.755979031793345
28.22222222222222,29.0,1.9886839968916186
28.22222222222222,30.0,9.995067498291753
28.22222222222222,31.0,1.72973163824695
28.22222222222222,32.0,3.1136657428223273
28.22222222222222,33.0,8.627957005580665
28.22222222222222,34.0,-0.7135311481168101
28.22222222222222,35.0,4.462371712955835
28.22222222222222,36.0,6.240449000401518
28.22222222222222,37.0,-2.2436117110441707
28.22222222222222,38.0,5.550610916413676
28.22222222222222,39.0,3.1450157627878292
28.22222222222222,40.0,-2.7340393174592084
28.22222222222222,41.0,5.9423172596746445
28.22222222222222,42.0,-0.201268268145818
28.22222222222222,43.0,-2.2869298530128006
28.22222222222222,44.0,5.345081548453652
28.22222222222222,45.0,-3.292278357371364
28.22222222222222,46.0,-1.20886745499232
28.22222222222222,47.0,3.6750040198432377
28.22222222222222,48.0,-5.678836015754266
28.22222222222222,49.0,0.05700646943392895
28.22222222222222,50.0,1.0769657974180742
28.22222222222222,51.0,-7.062495217657046
28.22222222222222,52.0,1.028140533986858
28.22222222222222,53.0,-2.10404364736973
28.22222222222222,54.0,-7.357076227095298
28.22222222222222,55.0,1.2881447558658303
28.22222222222222,56.0,-5.394433437047036
28.22222222222222,57.0,-6.704806044990445
28.22222222222222,58.0,0.5781713939327897
28.22222222222222,59.0,-8.29107753202701
28.22222222222222,60.0,-5.4436370822996
28.22222222222222,61.0,-1.14547265570297
28.22222222222222,62.0,-10.366767817463415
28.22222222222222,63.0,-4.032761557551079
28.22222222222222,64.0,-3.699833688071634
28.22222222222222,65.0,-11.359514238183284
28.22222222222222,66.0,-2.9522831991638228
28.22222222222222,67.0,-6.712421714698051
28.22222222222222,68.0,-11.226607451571835
28.22222222222222,69.0,-2.5985363369828276
28.22222222222222,70.0,-9.69900541580176
28.22222222222222,71.0,-10.15189801767918
28.22222222222222,72.0,-3.197472465363867
28.22222222222222,73.0,-12.16546654266933
28.22222222222222,74.0,-8.50475496192794
28.22222222222222,75.0,-4.754666873967874
28.22222222222222,76.0,-13.71193912263637
28.22222222222222,77.0,-6.759504047480459
28.22222222222222,78.0,-7.052660519584224
28.22222222222222,79.0,-14.116968082646036
28.22222222222222,80.0,-5.392600373813008
28.22222222222222,81.0,-9.696221954386008
28.22222222222222,82.0,-13.383695129069801
28.22222222222222,83.0,-4.779552024849679
28.22222222222222,84.0,-12.195858458643766
28.22222222222222,85.0,-11.738202577814864
28.22222222222222,86.0,-5.113662493914367
28.22222222222222,87.0,-14.071718989180235
28.22222222222222,88.0,-9.580380287416633
28.22222222222222,89.0,-6.363988625278673
28.22222222222222,90.0,-14.955665856400227
33.66666666666667,-90.0,-14.92141627763648
33.66666666666667,-89.0,-14.523284209381174
33.66666666666667,-88.0,-13.808914348551264
33.66666666666667,-87.0,-12.825059014827318
33.66666666666667,-86.0,-11.635760281607459
33.66666666666667,-85.0,-10.3180532074737
33.66666666666667,-84.0,-8.956797807969183
33.66666666666667,-83.0,-7.6389866986777655
33.66666666666667,-82.0,-6.447910538144503
33.66666666666667,-81.0,-5.457572944070055
33.66666666666667,-80.0,-4.727729807603701
33.66666666666667,-79.0,-4.299886012949787
33.66666666666667,-78.0,-4.194518296697389
33.66666666666667,-77.0,-4.409710668128664
33.66666666666667,-76.0,-4.921293983925697
33.66666666666667,-75.0,-5.68448029414112
33.66666666666667,-74.0,-6.636882229639741
33.66666666666667,-73.0,-7.702714720861919
33.66666666666667,-72.0,-8.797896965566496
33.66666666666667,-71.0,-9.835712127529245
33.66666666666667,-70.0,-10.732644806076808
33.66666666666667,-69.0,-11.414004381435365
33.66666666666667,-68.0,-11.818956714260192
33.66666666666667,-67.0,-11.904626394596473
33.66666666666667,-66.0,-11.648994129598105
33.66666666666667,-65.0,-11.052394742028806
33.66666666666667,-64.0,-10.137515193196187
33.66666666666667,-63.0,-8.947892738063407
33.66666666666667,-62.0,-7.545014007182939
33.66666666666667,-61.0,-6.004209730588111
33.66666666666667,-60.0,-4.40962066785682
33.66666666666667,-59.0,-2.848572658757022
33.66666666666667,-58.0,-1.4057383745967718
33.66666666666667,-57.0,-0.1574776687335011
33.66666666666667,-56.0,0.8332635653956819
33.66666666666667,-55.0,1.5211536141660318
33.66666666666667,-54.0,1.8814923073511283
33.66666666666667,-53.0,1.911842998065513
33.66666666666667,-52.0,1.6321696344187187
33.66666666666667,-51.0,1.0834697534083237
33.66666666666667,-50.0,0.3249951982618544
33.66666666666667,-49.0,-0.5697528316284405
33.66666666666667,-48.0,-1.5179855084037785
33.66666666666667,-47.0,-2.433211761562819
33.66666666666667,-46.0,-3.2310723353911492
33.66666666666667,-45.0,-3.8350308376877766
33.66666666666667,-44.0,-4.181539699715975
33.66666666666667,-43.0,-4.224334216967434
33.66666666666667,-42.0,-3.937566373128787
33.66666666666667,-41.0,-3.317568036226186
33.66666666666667,-40.0,-2.3831251276325602
33.66666666666667,-39.0,-1.1742443246680851
33.66666666666667,-38.0,0.25050494455816086
33.66666666666667,-37.0,1.8178948131158976
33.66666666666667,-36.0,3.4449275270113096
33.66666666666667,-35.0,5.044380096389615
33.66666666666667,-34.0,6.530632860935292
33.66666666666667,-33.0,7.82539072441462
33.66666666666667,-32.0,8.862913018183946
33.66666666666667,-31.0,9.594400939320764
33.66666666666667,-30.0,9.991248061496583
33.66666666666667,-29.0,10.046935739337194
33.66666666666667,-28.0,9.777446196219522
33.66666666666667,-27.0,9.220165594354237
33.66666666666667,-26.0,8.431350754483873
33.66666666666667,-25.0,7.482329615598686
33.66666666666667,-24.0,6.454690529766796
33.66666666666667,-23.0,5.434783367035242
33.66666666666667,-22.0,4.507901603528142
33.66666666666667,-21.0,3.7525359810499705
33.66666666666667,-20.0,3.23508552101585
33.66666666666667,-19.0,3.0053809720383837
33.66666666666667,-18.0,3.0933212301212762
33.66666666666667,-17.0,3.50684855449751
33.66666666666667,-16.0,4.231398526490392
33.66666666666667,-15.0,5.230861696786452
33.66666666666667,-14.0,6.449992384319561
33.66666666666667,-13.0,7.818102940169645
33.66666666666667,-12.0,9.253795494260263
33.66666666666667,-11.0,10.670413554291098
33.66666666666667,-10.0,11.981847500863367
33.66666666666667,-9.0,13.108304264251217
33.66666666666667,-8.0,13.981653871718915
33.66666666666667,-7.0,14.54999395829184
33.66666666666667,-6.0,14.781125831709158
33.66666666666667,-5.0,14.664708749657283
33.66666666666667,-4.0,14.212947799234751
33.66666666666667,-3.0,13.459769208260866
33.66666666666667,-2.0,12.458538457160596
33.66666666666667,-1.0,11.278474382309149
33.66666666666667,0.0,10.0
33.66666666666667,1.0,8.709342158072765
33.66666666666667,2.0,7.4927425480358965
33.66666666666667,3.0,6.430668699104594
33.66666666666667,4.0,5.592413575596654
33.66666666666667,5.0,5.031446310586883
33.66666666666667,6.0,4.78182618296695
33.66666666666667,7.0,4.855920567228087
33.66666666666667,8.0,5.2435800470474705
33.66666666666667,9.0,5.912826061651857
33.66666666666667,10.0,6.812004914854795
33.66666666666667,11.0,7.873263537044653
33.66666666666667,12.0,9.017113658591764
33.66666666666667,13.0,10.157777985813695
33.66666666666667,14.0,11.208959472858975
33.66666666666667,15.0,12.089646378902327
33.66666666666667,16.0,12.729563396638131
33.66666666666667,17.0,13.073902896603322
33.66666666666667,18.0,13.08701865737767
33.66666666666667,19.0,12.754834100096058
33.66666666666667,20.0,12.085803341363711
33.66666666666667,21.0,11.110360528497917
33.66666666666667,22.0,9.878894403244884
33.66666666666667,23.0,8.458384042144711
33.66666666666667,24.0,6.927921597410365
33.66666666666667,25.0,5.373422578132101
33.66666666666667,26.0,3.8818787520292934
33.66666666666667,27.0,2.53553945149523
33.66666666666667,28.0,1.4064118731954176
33.66666666666667,29.0,0.551449545326899
33.66666666666667,30.0,0.00875193850342093
33.66666666666667,31.0,-0.20496968360294332
33.66666666666667,32.0,-0.09549008240239854
33.66666666666667,33.0,0.30934213710138625
33.66666666666667,34.0,0.961499007382951
33.66666666666667,35.0,1.7960227701237572
33.66666666666667,36.0,2.7354123604876395
33.66666666666667,37.0,3.6948523032240828
33.66666666666667,38.0,4.587932967435192
33.66666666666667,39.0,5.332478141023274
33.66666666666667,40.0,5.856088680971165
33.66666666666667,41.0,6.101030055427495
33.66666666666667,42.0,6.028135638481858
33.66666666666667,43.0,5.619463691849936
33.66666666666667,44.0,4.879529633765996
33.66666666666667,45.0,3.83503083768778
33.66666666666667,46.0,2.533082401341128
33.66666666666667,47.0,1.03808228668031
33.66666666666667,48.0,-0.5725837569492893
33.66666666666667,49.0,-2.2137091875728685
33.66666666666667,50.0,-3.7979587516004596
33.66666666666667,51.0,-5.241703569763507
33.66666666666667,52.0,-6.470607546412073
33.66666666666667,53.0,-7.424590114405493
33.66666666666667,54.0,-8.061832194850076
33.66666666666667,55.0,-8.36155648067941
33.66666666666667,56.0,-8.325395433713922
33.66666666666667,57.0,-7.977255192782502
33.66666666666667,58.0,-7.361684561184778
33.66666666666667,59.0,-6.540858596960795
33.66666666666667,60.0,-5.5903793321431765
33.66666666666667,61.0,-4.594175554075984
33.66666666666667,62.0,-3.638844062231995
33.66666666666667,63.0,-2.807812307786054
33.66666666666667,64.0,-2.175714313316977
33.66666666666667,65.0,-1.8033574517019808
33.66666666666667,66.0,-1.733617997579059
33.66666666666667,67.0,-1.9885410145834745
33.66666666666667,68.0,-2.567839292512833
33.66666666666667,69.0,-3.448892128112515
33.66666666666667,70.0,-4.5882440563027505
33.66666666666667,71.0,-5.924502944605192
33.66666666666667,72.0,-7.382442921932453
33.66666666666667,73.0,-8.878036730238914
33.66666666666667,74.0,-10.324079693488777
33.66666666666667,75.0,-11.636027781547654
33.66666666666667,76.0,-12.737657873252843
33.66666666666667,77.0,-13.566170257854676
33.66666666666667,78.0,-14.076390856154628
33.66666666666667,79.0,-14.243791078385957
33.66666666666667,80.0,-14.066122608114465
33.66666666666667,81.0,-13.563557381833014
33.66666666666667,82.0,-12.777323380621874
33.66666666666667,83.0,-11.766927826842164
33.66666666666667,84.0,-10.60615420670693
33.66666666666667,85.0,-9.378101852770463
33.66666666666667,86.0,-8.169601093223948
33.66666666666667,87.0,-7.065378892538149
33.66666666666667,88.0,-6.142366656645221
33.66666666666667,89.0,-5.464532331000739
33.66666666666667,90.0,-5.07858372236352
39.111111111111114,-90.0,-5.122473212107586
39.111111111111114,-89.0,-9.68288134123919
39.111111111111114,-88.0,-14.951991727708098
39.111111111111114,-87.0,-8.67508019105167
39.111111111111114,-86.0,-5.32989821060627
39.111111111111114,-85.0,-12.571153684092035
39.111111111111114,-84.0,-13.489039291318035
39.111111111111114,-83.0,-5.80185496095192
39.111111111111114,-82.0,-7.144574127225225
39.111111111111114,-81.0,-14.195853402414775
39.111111111111114,-80.0,-10.376284523128357
39.111111111111114,-79.0,-4.275372960028298
39.111111111111114,-78.0,-9.743653008221616
39.111111111111114,-77.0,-13.791159541194949
39.111111111111114,-76.0,-6.695122112647079
39.111111111111114,-75.0,-4.53519590021922
39.111111111111114,-74.0,-11.925514049920181
39.111111111111114,-73.0,-11.320822996846474
39.111111111111114,-72.0,-3.6822548081325728
39.111111111111114,-71.0,-6.250213374583984
39.111111111111114,-70.0,-12.586235539074213
39.111111111111114,-69.0,-7.496241491629653
39.111111111111114,-68.0,-2.247019754737914
39.111111111111114,-67.0,-8.45343266712089
39.111111111111114,-66.0,-11.158904223337856
39.111111111111114,-65.0,-3.501510582059578
39.111111111111114,-64.0,-2.6188281248346588
39.111111111111114,-63.0,-9.928300038369038
39.111111111111114,-62.0,-7.842742867747834
39.111111111111114,-61.0,-0.5335806519633213
39.111111111111114,-60.0,-4.263392427270475
39.111111111111114,-59.0,-9.694374326241972
39.111111111111114,-58.0,-3.531747726840141
39.111111111111114,-57.0,0.6615927577061056
39.111111111111114,-56.0,-6.100590022632247
39.111111111111114,-55.0,-7.401043670104741
39.111111111111114,-54.0,0.5292108406794545
39.111111111111114,-53.0,0.0744612812426233
39.111111111111114,-52.0,-6.9380577417080325
39.111111111111114,-51.0,-3.4741542062695636
39.111111111111114,-50.0,3.225610512350145
39.111111111111114,-49.0,-1.5733288264658225
39.111111111111114,-48.0,-5.949676766561471
39.111111111111114,-47.0,1.0423347806856935
39.111111111111114,-46.0,4.002568537927185
39.111111111111114,-45.0,-3.122547688951179
39.111111111111114,-44.0,-3.0104228768274846
39.111111111111114,-43.0,4.887520251545194
39.111111111111114,-42.0,3.073402974449919
39.111111111111114,-41.0,-3.442630615611569
39.111111111111114,-40.0,1.2444139258506324
39.111111111111114,-39.0,7.0698261801797475
39.111111111111114,-38.0,1.3255590475418324
39.111111111111114,-37.0,-1.886840642185338
39.111111111111114,-36.0,5.659145934242484
39.111111111111114,-35.0,7.247159602853667
39.111111111111114,-34.0,-0.0388722517584954
39.111111111111114,-33.0,1.4430191970888702
39.111111111111114,-32.0,9.002499119204055
39.111111111111114,-31.0,5.851507972292257
39.111111111111114,-30.0,0.01365783242287577
39.111111111111114,-29.0,5.726740471092634
39.111111111111114,-28.0,10.44242388609511
39.111111111111114,-27.0,3.9091280972398637
39.111111111111114,-26.0,1.93165443053464
39.111111111111114,-25.0,9.739022310803215
39.111111111111114,-24.0,9.864196193419879
39.111111111111114,-23.0,2.627296226197684
39.111111111111114,-22.0,5.392900790369001
39.111111111111114,-21.0,12.322818428344364
39.111111111111114,-20.0,7.906777487895782
39.111111111111114,-19.0,2.910468494334644
39.111111111111114,-18.0,9.422869876654186
39.111111111111114,-17.0,12.836568086017635
39.111111111111114,-16.0,5.703292273236534
39.111111111111114,-15.0,4.996474367799681
39.111111111111114,-14.0,12.770779136519884
39.111111111111114,-13.0,11.399426408055634
39.111111111111114,-12.0,4.427935587175579
39.111111111111114,-11.0,8.356100625928216
39.111111111111114,-10.0,14.395408056376366
39.111111111111114,-9.0,8.83810569642223
39.111111111111114,-8.0,4.82779965931883
39.111111111111114,-7.0,11.895725206950459
39.111111111111114,-6.0,13.869572098203555
39.111111111111114,-5.0,6.356374484615802
39.111111111111114,-4.0,6.924024186121857
39.111111111111114,-3.0,14.383348256863808
39.111111111111114,-2.0,11.544143766799392
39.111111111111114,-1.0,5.0574090899045885
39.111111111111114,0.0,10.0
39.111111111111114,1.0,14.930407450477325
39.111111111111114,2.0,8.4071372383971
39.111111111111114,3.0,5.507089650501652
39.111111111111114,4.0,12.88133718870955
39.111111111111114,5.0,13.339780575628364
39.111111111111114,6.0,5.693379916472551
39.111111111111114,7.0,7.510189318569466
39.111111111111114,8.0,14.397434259447554
39.111111111111114,9.0,10.183024629480842
39.111111111111114,10.0,4.398444359341797
39.111111111111114,11.0,10.187576465407536
39.111111111111114,12.0,13.842973565676449
39.111111111111114,13.0,6.576454517927706
39.111111111111114,14.0,4.888172720658652
39.111111111111114,15.0,12.324033707889097
39.111111111111114,16.0,11.257669649891987
39.111111111111114,17.0,3.7441833650831953
39.111111111111114,18.0,6.7574700108447585
39.111111111111114,19.0,12.849746577799799
39.111111111111114,20.0,7.414111374483779
39.111111111111114,21.0,2.5400780812035233
39.111111111111114,22.0,8.993895216404024
39.111111111111114,23.0,11.265871182982268
39.111111111111114,24.0,3.5184159337572827
39.111111111111114,25.0,3.1167298829275727
39.111111111111114,26.0,10.381575075978528
39.111111111111114,27.0,7.846576948609604
39.111111111111114,28.0,0.7414341833198286
39.111111111111114,29.0,4.87164481357146
39.111111111111114,30.0,9.986342167577128
39.111111111111114,31.0,3.5379232834255627
39.111111111111114,32.0,-0.23507618342250858
39.111111111111114,33.0,6.691713664427136
39.111111111111114,34.0,7.531004120076738
39.111111111111114,35.0,-0.40675673634029463
39.111111111111114,36.0,0.5211939532564651
39.111111111111114,37.0,7.3995877585253185
39.111111111111114,38.0,3.5128788644515203
39.111111111111114,39.0,-2.9115923638245587
39.111111111111114,40.0,2.228549627487973
39.111111111111114,41.0,6.226092634812878
39.111111111111114,42.0,-0.9828337090968478
39.111111111111114,43.0,-3.492390776662692
39.111111111111114,44.0,3.7084128108775056
39.111111111111114,45.0,3.1225476889511827
39.111111111111114,46.0,-4.700558471977206
39.111111111111114,47.0,-2.4374642555682025
39.111111111111114,48.0,3.8591075012084035
39.111111111111114,49.0,-1.2101331927354866
39.111111111111114,50.0,-6.69857406568875
39.111111111111114,51.0,-0.6840796100856197
39.111111111111114,52.0,2.099619829714678
39.111111111111114,53.0,-5.587208397582604
39.111111111111114,54.0,-6.709550728178403
39.111111111111114,55.0,0.560640803591363
39.111111111111114,56.0,-1.3915418456859943
39.111111111111114,57.0,-8.79632561922211
39.111111111111114,58.0,-5.235675208941409
39.111111111111114,59.0,0.30494307052415515
39.111111111111114,60.0,-5.736607572729522
39.111111111111114,61.0,-10.064804632700774
39.111111111111114,62.0,-3.341115201667099
39.111111111111114,63.0,-1.8274050074804231
39.111111111111114,64.0,-9.694401381678505
39.111111111111114,65.0,-9.35424161167121
39.111111111111114,66.0,-2.2237079038393084
39.111111111111114,67.0,-5.439734742059058
39.111111111111114,68.0,-12.139776252035112
39.111111111111114,69.0,-7.3666550179182275
39.111111111111114,70.0,-2.734653323305346
39.111111111111114,71.0,-9.510001697550452
39.111111111111114,72.0,-12.498085079366376
39.111111111111114,73.0,-5.259928454254362
39.111111111111114,74.0,-5.035447873208338
39.111111111111114,75.0,-12.785312175469555
39.111111111111114,76.0,-10.963829744531461
39.111111111111114,77.0,-4.184721384788391
39.111111111111114,78.0,-8.527256144630401
39.111111111111114,79.0,-14.268304131307447
39.111111111111114,80.0,-8.41756789258981
39.111111111111114,81.0,-4.825276923488294
39.111111111111114,82.0,-12.080659791541153
39.111111111111114,83.0,-13.604059564568008
39.111111111111114,84.0,-6.073912723358079
39.111111111111114,85.0,-7.1250013761521265
39.111111111111114,86.0,-14.475463164225136
39.111111111111114,87.0,-11.215357716313797
39.111111111111114,88.0,-4.999289277488387
39.111111111111114,89.0,-10.304935199142724
39.111111111111114,90.0,-14.877526787892414
44.55555555555556,-90.0,-14.824083356480346
44.55555555555556,-89.0,-5.236627864066545
44.55555555555556,-88.0,-13.115785787637808
44.55555555555556,-87.0,-9.445538894443358
44.55555555555556,-86.0,-7.599056670761369
44.55555555555556,-85.0,-14.204286279391585
44.55555555555556,-84.0,-4.792310966465296
44.55555555555556,-83.0,-13.69917841538097
44.55555555555556,-82.0,-7.911653135752015
44.55555555555556,-81.0,-8.361950971844232
44.55555555555556,-80.0,-13.020800866659087
44.55555555555556,-79.0,-4.353674265248096
44.55555555555556,-78.0,-13.745146468673449
44.55555555555556,-77.0,-6.188956065448157
44.55555555555556,-76.0,-8.905602361741236
44.55555555555556,-75.0,-11.331794125293182
44.55555555555556,-74.0,-3.9318924776075725
44.55555555555556,-73.0,-13.233690258775017
44.55555555555556,-72.0,-4.363087492088119
44.55555555555556,-71.0,-9.17635306169767
44.55555555555556,-70.0,-9.21746439749128
44.55555555555556,-69.0,-3.5285741614700927
44.55555555555556,-68.0,-12.17023330408168
44.55555555555556,-67.0,-2.5176692838302213
44.55555555555556,-66.0,-9.12897738630916
44.55555555555556,-65.0,-6.775851386513684
44.55555555555556,-64.0,-3.1363932060862716
44.55555555555556,-63.0,-10.586071717575317
44.55555555555556,-62.0,-0.7300559901196761
44.55555555555556,-61.0,-8.730302065622732
44.55555555555556,-60.0,-4.117805508441682
44.55555555555556,-59.0,-2.7405001517938805
44.55555555555556,-58.0,-8.537484999890605
44.55555555555556,-57.0,0.9323075656903796
44.55555555555556,-56.0,-7.962315491299685
44.55555555555556,-55.0,-1.3613939831320492
44.55555555555556,-54.0,-2.3205982911840444
44.55555555555556,-53.0,-6.10353150980659
44.55555555555556,-52.0,2.4147326127717355
44.55555555555556,-51.0,-6.824543847300257
44.55555555555556,-50.0,1.3739512437376904
44.55555555555556,-49.0,-1.8535228244458044
44.55555555555556,-48.0,-3.382625616407097
44.55555555555556,-47.0,3.6772018063400544
44.55555555555556,-46.0,-5.335510900177432
44.55555555555556,-45.0,3.973228450392539
44.55555555555556,-44.0,-1.3161255648879144
44.55555555555556,-43.0,-0.4880624997089482
44.55555555555556,-42.0,4.695280049854212
44.55555555555556,-41.0,-3.5331493460919443
44.55555555555556,-40.0,6.331296384641954
44.55555555555556,-39.0,-0.6882451476091496
44.55555555555556,-38.0,2.457283275610731
44.55555555555556,-37.0,5.460011612298623
44.55555555555556,-36.0,-1.4740920747166646
44.55555555555556,-35.0,8.35765727976765
44.55555555555556,-34.0,0.04446512511548617
44.55555555555556,-33.0,5.326811474281984
44.55555555555556,-32.0,5.976857985457089
44.55555555555556,-31.0,0.7681620596818757
44.55555555555556,-30.0,9.980350884411257
44.55555555555556,-29.0,0.8880722093327158
44.55555555555556,-28.0,7.9962956137570975
44.55555555555556,-27.0,6.263789754839593
44.55555555555556,-26.0,3.106145339426151
44.55555555555556,-25.0,11.148771719375889
44.55555555555556,-24.0,1.8384591032105009
44.55555555555556,-23.0,10.34990600814504
44.55555555555556,-22.0,6.348696227431407
44.55555555555556,-21.0,5.442252826932611
44.55555555555556,-20.0,11.83528566657257
44.55555555555556,-19.0,2.8801437590339614
44.55555555555556,-18.0,12.285836923175017
44.55555555555556,-17.0,6.2663156328106275
44.55555555555556,-16.0,7.673320857201689
44.55555555555556,-15.0,12.035591976889037
44.55555555555556,-14.0,3.985936306624737
44.55555555555556,-13.0,13.721238906601076
44.55555555555556,-12.0,6.054914090578102
44.55555555555556,-11.0,9.695715352263761
44.55555555555556,-10.0,11.767848694477406
44.55555555555556,-9.0,5.117494370976671
44.55555555555556,-8.0,14.596194783620929
44.55555555555556,-7.0,5.752951789156247
44.55555555555556,-6.0,11.41065674291454
44.55555555555556,-5.0,11.070649098466179
44.55555555555556,-4.0,6.226776052953802
44.55555555555556,-3.0,14.876529955638434
44.55555555555556,-2.0,5.3959694784426375
44.55555555555556,-1.0,12.729487597500789
44.55555555555556,0.0,10.0
44.55555555555556,1.0,7.258328942881125
44.55555555555556,2.0,14.555311526753854
44.55555555555556,3.0,5.013907951727026
44.55555555555556,4.0,13.578585321877604
44.55555555555556,5.0,8.625505961777987
44.55555555555556,6.0,8.152295271761567
44.55555555555556,7.0,13.652962736363678
44.55555555555556,8.0,4.629039135145456
44.55555555555556,9.0,13.9036359549264
44.55555555555556,10.0,7.026003721240757
44.55555555555556,11.0,8.847961739071991
44.55555555555556,12.0,12.215995062273926
44.55555555555556,13.0,4.254642019382263
44.55555555555556,14.0,13.6730155505538
44.55555555555556,15.0,5.284916098799741
44.55555555555556,16.0,9.287641065926834
44.55555555555556,17.0,10.314435818290203
44.55555555555556,18.0,3.8945029643239284
44.55555555555556,19.0,12.880071313100482
44.55555555555556,20.0,3.485603195806992
44.55555555555556,21.0,9.420643682615276
44.55555555555556,22.0,8.038099779341618
44.55555555555556,23.0,3.5432614010349126
44.55555555555556,24.0,11.544153023966661
44.55555555555556,25.0,1.7069804743548982
44.55555555555556,26.0,9.207084167087016
44.55555555555556,27.0,5.4919152910098745
44.55555555555556,28.0,3.187562455657841
44.55555555555556,29.0,9.710313075331378
44.55555555555556,30.0,0.019649115588746824
44.55555555555556,31.0,8.621269196035945
44.55555555555556,32.0,2.7905649503244567
44.55555555555556,33.0,2.8079213872340225
44.55555555555556,34.0,7.447666743202756
44.55555555555556,35.0,-1.5172544132542773
44.55555555555556,36.0,7.654431962215614
44.55555555555556,37.0,0.052735504041357295
44.55555555555556,38.0,2.3811546363826217
44.55555555555556,39.0,4.846478963964339
44.55555555555556,40.0,-2.8583328313033487
44.55555555555556,41.0,6.316611365293253
44.55555555555556,42.0,-2.60471078450114
44.55555555555556,43.0,1.8831919745914503
44.55555555555556,44.0,2.0141154989379357
44.55555555555556,45.0,-3.9732284503925355
44.55555555555556,46.0,4.637520966127411
44.55555555555556,47.0,-5.072331281222564
44.55555555555556,48.0,1.292056351054029
44.55555555555556,49.0,-0.9299391947555046
44.55555555555556,50.0,-4.846914797076296
44.55555555555556,51.0,2.6663100309450734
44.55555555555556,52.0,-7.25317052476509
44.55555555555556,53.0,0.5907843934666097
44.55555555555556,54.0,-3.8597415963149047
44.55555555555556,55.0,-5.479008883381328
44.55555555555556,56.0,0.4701836229814438
44.55555555555556,57.0,-9.067040427206383
44.55555555555556,58.0,-0.2299379358909448
44.55555555555556,59.0,-6.648931103923936
44.55555555555556,60.0,-5.882194491558314
44.55555555555556,61.0,-1.8680832190413632
44.55555555555556,62.0,-10.453802079295258
44.55555555555556,63.0,-1.169633328274145
44.55555555555556,64.0,-9.176836300426892
44.55555555555556,65.0,-6.079900807217103
44.55555555555556,66.0,-4.253634740868006
44.55555555555556,67.0,-11.375498125349726
44.55555555555556,68.0,-2.2165627026913457
44.55555555555556,69.0,-11.334322348077787
44.55555555555556,70.0,-6.103424464888278
44.55555555555556,71.0,-6.583862010436766
44.55555555555556,72.0,-11.81725239541083
44.55555555555556,73.0,-3.3470611923258176
44.55555555555556,74.0,-13.029069445520946
44.55555555555556,75.0,-5.988713950395593
44.55555555555556,76.0,-8.753349495437304
44.55555555555556,77.0,-11.786924860535184
44.55555555555556,78.0,-4.525762684178568
44.55555555555556,79.0,-14.19000282608765
44.55555555555556,80.0,-5.773051549059081
44.55555555555556,81.0,-10.659179354058837
44.55555555555556,82.0,-11.313580783014363
44.55555555555556,83.0,-5.706736110138959
44.55555555555556,84.0,-14.770641048210818
44.55555555555556,85.0,-5.491868780852578
44.55555555555556,86.0,-12.206304704070037
44.55555555555556,87.0,-10.444899012922109
44.55555555555556,88.0,-6.835495217558677
44.55555555555556,89.0,-14.751188676315369
44.55555555555556,90.0,-5.175916643519654
50.0,-90.0,-5.238809333335695
50.0,-89.0,-6.81904586258819
50.0,-88.0,-9.399611564690094
50.0,-87.0,-12.151726659411667
50.0,-86.0,-14.188040825459673
50.0,-85.0,-14.845632616736257
50.0,-84.0,-13.897440260341163
50.0,-83.0,-11.624695765135108
50.0,-82.0,-8.72726212906907
50.0,-81.0,-6.1004682529668415
50.0,-80.0,-4.549611793081105
50.0,-79.0,-4.533178689964622
50.0,-78.0,-6.016669981464245
50.0,-77.0,-8.483652390367723
50.0,-76.0,-11.100508450542037
50.0,-75.0,-12.982345133919377
50.0,-74.0,-13.475259164348392
50.0,-73.0,-12.364940837490792
50.0,-72.0,-9.945089776218737
50.0,-71.0,-6.923823856122705
50.0,-70.0,-4.197928631123921
50.0,-69.0,-2.5669419801678357
50.0,-68.0,-2.478256027410713
50.0,-67.0,-3.8845265689965176
50.0,-66.0,-6.258863900083079
50.0,-65.0,-8.762960376130195
50.0,-64.0,-10.514536510389693
50.0,-63.0,-10.868813423340843
50.0,-62.0,-9.624246268583274
50.0,-61.0,-7.086907422778644
50.0,-60.0,-3.9729866655099957
50.0,-59.0,-1.1805021840768157
50.0,-58.0,0.4969733838110706
50.0,-57.0,0.6232754955276709
50.0,-56.0,-0.7413740882588518
50.0,-55.0,-3.0596952571118274
50.0,-54.0,-5.4888195793539865
50.0,-53.0,-7.149218215816291
50.0,-52.0,-7.405322930655597
50.0,-51.0,-6.068346327272765
50.0,-50.0,-3.4566191218695375
50.0,-49.0,-0.29420194872489347
50.0,-48.0,2.5198944397710807
50.0,-47.0,4.198282038605505
50.0,-46.0,4.316169842998809
50.0,-45.0,2.9467006751428064
50.0,-44.0,0.6374900619219105
50.0,-43.0,-1.7641506127890265
50.0,-42.0,-3.381567890454492
50.0,-41.0,-3.588477427615733
50.0,-40.0,-2.2088288661748035
50.0,-39.0,0.4269153049795311
50.0,-38.0,3.5870351265840292
50.0,-37.0,6.371775628029932
50.0,-36.0,8.000158833143047
50.0,-35.0,8.058917367362064
50.0,-34.0,6.6341616371134835
50.0,-33.0,4.283790350517784
50.0,-32.0,1.8594431814177868
50.0,-31.0,0.23477735815301237
50.0,-30.0,0.026724483863802106
50.0,-29.0,1.3986225888738506
50.0,-28.0,4.008007329170151
50.0,-27.0,7.115712545655946
50.0,-26.0,9.821486727762355
50.0,-25.0,11.350984342787676
50.0,-24.0,11.302606871452706
50.0,-23.0,9.77547284141382
50.0,-22.0,7.337705666637233
50.0,-21.0,4.845152840294323
50.0,-20.0,3.168349425620929
50.0,-19.0,2.91480088051277
50.0,-18.0,4.235152973290495
50.0,-17.0,6.775063850542842
50.0,-16.0,9.78812698865082
50.0,-15.0,12.373832519585996
50.0,-14.0,13.764678041443814
50.0,-13.0,13.57086560489693
50.0,-12.0,11.904547885978815
50.0,-11.0,9.34399989294262
50.0,-10.0,6.7491423939381185
50.0,-9.0,4.987249130519832
50.0,-8.0,4.656313443988292
50.0,-7.0,5.894296380150136
50.0,-6.0,8.335089604216439
50.0,-5.0,11.225237177263471
50.0,-4.0,13.664192133357574
50.0,-3.0,14.891486924705506
50.0,-2.0,14.529235349513705
50.0,-1.0,12.70262894687789
50.0,0.0,10.0
50.0,1.0,7.285187593504023
50.0,2.0,5.422045655682786
50.0,3.0,4.998950982659954
50.0,4.0,6.141169241473832
50.0,5.0,8.470917882980695
50.0,6.0,11.227862410459668
50.0,7.0,13.51161814536979
50.0,8.0,14.568920474778093
50.0,9.0,14.033881195383241
50.0,10.0,12.044710021780045
50.0,11.0,9.199677198393132
50.0,12.0,6.366361266873212
50.0,13.0,4.40501532108641
50.0,14.0,3.8942738157347225
50.0,15.0,4.946675556102782
50.0,16.0,7.172834934477702
50.0,17.0,9.805687600557988
50.0,18.0,11.94518691420845
50.0,19.0,12.845414191621673
50.0,20.0,12.152539436758634
50.0,21.0,10.017743669253566
50.0,22.0,7.049090340135792
50.0,23.0,4.117694567766133
50.0,24.0,2.080005255724454
50.0,25.0,1.5047678509431108
50.0,26.0,2.491742778750811
50.0,27.0,4.639992500193522
50.0,28.0,7.175850740244788
50.0,29.0,9.199762695790243
50.0,30.0,9.973275516136201
50.0,31.0,9.154653897564808
50.0,32.0,6.90797975436376
50.0,33.0,3.8509425109982223
50.0,34.0,0.8579702312047592
50.0,35.0,-1.2185145008486922
50.0,36.0,-1.819818945644097
50.0,37.0,-0.8590285116899508
50.0,38.0,1.2514027854093235
50.0,39.0,3.7313185113756577
50.0,40.0,5.681792419513409
50.0,41.0,6.371939446817042
50.0,42.0,5.472137155807563
50.0,43.0,3.1592800876715286
50.0,44.0,0.06049987212811059
50.0,45.0,-2.946700675142803
50.0,46.0,-5.01415977704883
50.0,47.0,-5.5934115134880145
50.0,48.0,-4.610463705124149
50.0,49.0,-2.4892600704764156
50.0,50.0,-0.01634443146906772
50.0,51.0,1.9101125109175814
50.0,52.0,2.5668850186622425
50.0,53.0,1.636471099476311
50.0,54.0,-0.6915203081449621
50.0,55.0,-3.78070760940155
50.0,56.0,-6.75075778005939
50.0,57.0,-8.758008357043675
50.0,58.0,-9.26439631959262
50.0,59.0,-8.208929071641002
50.0,60.0,-6.02701333449
50.0,61.0,-3.511477861885451
50.0,62.0,-1.559611800831659
50.0,63.0,-0.8868916225086201
50.0,64.0,-1.79869299612347
50.0,65.0,-4.092791817600592
50.0,66.0,-7.123748227094086
50.0,67.0,-10.008640840183428
50.0,68.0,-11.908539979362313
50.0,69.0,-12.295954529380044
50.0,70.0,-11.122960231255636
50.0,71.0,-8.83639121601173
50.0,72.0,-6.235250111280212
50.0,73.0,-4.215810613610043
50.0,74.0,-3.4857027587801266
50.0,75.0,-4.338162941769397
50.0,76.0,-6.558443406636503
50.0,77.0,-9.492228535615617
50.0,78.0,-12.254239171387772
50.0,79.0,-14.010498401371123
50.0,80.0,-14.244240622637061
50.0,81.0,-12.920662072936228
50.0,82.0,-10.497971789697308
50.0,83.0,-7.781218760384822
50.0,84.0,-5.665511754334951
50.0,85.0,-4.850522443507905
50.0,86.0,-5.617320549371733
50.0,87.0,-7.7387112479538
50.0,88.0,-10.55166944050639
50.0,89.0,-13.168770677793724
50.0,90.0,-14.761190666664305
